Accession_number;Species_TaxID;Genus_TaxID;Family_TaxID;Order_TaxID;Class_TaxID;Phylum_TaxID
CP000360.1;658062;658061;204434;204433;204432;57723
CP000473.1;332163;332162;332161;332160;204432;57723
CP001472.1;33075;33973;204434;204433;204432;57723
CP002467.1;870903;392733;204434;204433;204432;57723
CP002480.1;940615;940557;204434;204433;204432;57723
CP002514.1;458033;458032;;;1562566;57723
CP003130.1;940614;940557;204434;204433;204432;57723
CP003379.1;392734;392733;204434;204433;204432;57723
AE016822.1;1575;110932;85023;85006;1760;201174
AE016958.1;1764;1763;1762;85007;1760;201174
AL450380.1;1769;1763;1762;85007;1760;201174
AL645882.2;1902;1883;2062;85011;1760;201174
AM408590.1;1773;1763;1762;85007;1760;201174
AM711867.1;28447;1573;85023;85006;1760;201174
AM849034.1;28447;1573;85023;85006;1760;201174
AM942444.1;43771;1716;1653;85007;1760;201174
AP006618.1;37329;1817;85025;85007;1760;201174
AP008957.1;1833;1827;85025;85007;1760;201174
AP009044.1;1718;1716;1653;85007;1760;201174
AP009256.1;1680;1678;31953;85004;1760;201174
AP010889.1;216816;1678;31953;85004;1760;201174
AP010918.1;1773;1763;1762;85007;1760;201174
AP010968.1;2066;2063;2062;85011;1760;201174
AP011115.1;37919;1827;85025;85007;1760;201174
AP011540.1;43675;32207;1268;85006;1760;201174
AP012057.1;467094;682522;2448023;84993;84992;201174
AP012204.1;29405;29404;31957;85009;1760;201174
AP012211.1;502558;84111;1643826;1643822;84998;201174
AP012340.1;1773;1763;1762;85007;1760;201174
BA000035.2;152794;1716;1653;85007;1760;201174
CM000636.1;1768;1763;1762;85007;1760;201174
CM000789.2;1773;1763;1762;85007;1760;201174
CP000088.1;2021;83677;83676;85012;1760;201174
CP000303.1;1685;1678;31953;85004;1760;201174
CP000325.1;1809;1763;1762;85007;1760;201174
CP000384.1;164756;1763;1762;85007;1760;201174
CP000386.1;49319;42255;84997;84996;84995;201174
CP000479.1;1764;1763;1762;85007;1760;201174
CP000481.1;28049;28048;85032;1643683;1760;201174
CP000509.1;196162;1839;85015;85009;1760;201174
CP000518.1;189918;1763;1762;85007;1760;201174
CP000580.1;164757;1763;1762;85007;1760;201174
CP000611.1;1773;1763;1762;85007;1760;201174
CP000656.1;1804;1866885;1762;85007;1760;201174
CP000667.1;168695;168694;28056;85008;1760;201174
CP000820.1;298653;1854;74712;85013;1760;201174
CP001095.1;216816;1678;31953;85004;1760;201174
CP001361.1;1681;1678;31953;85004;1760;201174
CP001601.1;169292;1716;1653;85007;1760;201174
CP001606.1;28025;1678;31953;85004;1760;201174
CP001618.1;84757;84756;125316;85006;1760;201174
CP001620.1;161879;1716;1653;85007;1760;201174
CP001684.1;84110;84108;1643826;1643822;84998;201174
CP001686.1;1276;57499;145357;85006;1760;201174
CP001700.1;304895;414878;414877;414714;1760;201174
CP001721.1;1382;1380;1643824;84999;84998;201174
CP001738.1;2020;2019;2012;85012;1760;201174
CP001750.1;1689;1678;31953;85004;1760;201174
CP001802.1;2054;2053;85026;85007;1760;201174
CP001819.1;60920;60919;145360;85006;1760;201174
CP001829.1;1719;1716;1653;85007;1760;201174
CP001849.1;2702;2701;31953;85004;1760;201174
CP001853.1;28025;1678;31953;85004;1760;201174
CP001854.1;191495;191494;320583;588673;1497346;201174
CP001874.1;2006;147067;;;1760;201174
CP001892.1;28025;1678;31953;85004;1760;201174
CP001964.1;1711;1707;85016;85006;1760;201174
CP001976.1;1773;1763;1762;85007;1760;201174
CP001992.1;2051;2050;2049;2037;1760;201174
CP002000.1;33910;1813;2070;85010;1760;201174
CP002095.1;1773;1763;1762;85007;1760;201174
CP002097.1;1719;1716;1653;85007;1760;201174
CP002104.1;2702;2701;31953;85004;1760;201174
CP002106.1;133926;133925;1643824;84999;84998;201174
CP002220.1;1681;1678;31953;85004;1760;201174
CP002275.1;1767;1763;1762;85007;1760;201174
CP002280.1;2047;32207;1268;85006;1760;201174
CP002286.1;216816;1678;31953;85004;1760;201174
CP002299.1;298654;1854;74712;85013;1760;201174
CP002329.1;875328;1073531;1762;85007;1760;201174
CP002385.1;1804;1866885;1762;85007;1760;201174
CP002567.1;28025;1678;31953;85004;1760;201174
CP002593.1;240495;1847;2070;85010;1760;201174
CP002638.1;1003110;84593;28056;85008;1760;201174
CP002665.1;11;1707;85016;85006;1760;201174
CP002725.1;2702;2701;31953;85004;1760;201174
CP002743.1;1685;1678;31953;85004;1760;201174
CP002786.1;639313;697025;1762;85007;1760;201174
CP002791.1;65058;1716;1653;85007;1760;201174
CP002794.1;216816;1678;31953;85004;1760;201174
CP002907.1;337191;2053;85026;85007;1760;201174
CP002917.1;1727;1716;1653;85007;1760;201174
CP002992.1;1773;1763;1762;85007;1760;201174
CP002993.1;862751;1883;2062;85011;1760;201174
CP002994.1;68280;1883;2062;85011;1760;201174
CP003039.1;28025;1678;31953;85004;1760;201174
CP003053.1;1800;1866885;1762;85007;1760;201174
CP003061.1;1719;1716;1653;85007;1760;201174
CP003084.1;1747;1912216;31957;85009;1760;201174
CP003119.1;84595;2053;85026;85007;1760;201174
CP003152.1;1719;1716;1653;85007;1760;201174
CP003169.1;36814;1866885;1762;85007;1760;201174
CP003195.1;1747;1912216;31957;85009;1760;201174
CP003196.1;1747;1912216;31957;85009;1760;201174
CP003197.1;1747;1912216;31957;85009;1760;201174
CP003203.1;1118963;1663;1268;85006;1760;201174
CP003211.1;1717;1716;1653;85007;1760;201174
CP003213.1;1717;1716;1653;85007;1760;201174
CP003214.1;1717;1716;1653;85007;1760;201174
CP003215.1;1717;1716;1653;85007;1760;201174
CP003219.1;29303;1883;2062;85011;1760;201174
CP003233.1;1773;1763;1762;85007;1760;201174
CP003293.1;1747;1912216;31957;85009;1760;201174
CP003322.1;1767;1763;1762;85007;1760;201174
CP003323.1;1767;1763;1762;85007;1760;201174
CP003324.1;1138383;1763;1762;85007;1760;201174
CP003421.1;1719;1716;1653;85007;1760;201174
CP003497.1;28025;1678;31953;85004;1760;201174
CP003652.1;1719;1716;1653;85007;1760;201174
CP003697.1;225326;1716;1653;85007;1760;201174
CP003699.1;36809;670516;1762;85007;1760;201174
CP003720.1;1912;1883;2062;85011;1760;201174
CP003788.1;53437;2013;83676;85012;1760;201174
CP003877.1;1747;1912216;31957;85009;1760;201174
CP003900.2;1773;1763;1762;85007;1760;201174
CP003990.1;1265601;1883;2062;85011;1760;201174
CP004085.1;43771;1716;1653;85007;1760;201174
CP004346.1;33905;1678;31953;85004;1760;201174
CP004886.1;1773;1763;1762;85007;1760;201174
CP005082.1;1773;1763;1762;85007;1760;201174
CP005287.1;33010;1912216;31957;85009;1760;201174
CP005386.1;1773;1763;1762;85007;1760;201174
CP005928.1;1764;1763;1762;85007;1760;201174
CP005929.1;649831;1865;28056;85008;1760;201174
CT573213.2;1859;1854;74712;85013;1760;201174
CU458896.1;36809;670516;1762;85007;1760;201174
FM211192.1;1769;1763;1762;85007;1760;201174
FN563149.1;43767;1827;85025;85007;1760;201174
FN806773.1;1744;1743;31957;85009;1760;201174
FO203431.1;477641;88138;85030;1643682;1760;201174
FO203507.1;78331;1763;1762;85007;1760;201174
FO203509.1;78331;1763;1762;85007;1760;201174
FP929034.1;216816;1678;31953;85004;1760;201174
FP929047.1;471189;644652;1643826;1643822;84998;201174
FQ311875.1;256701;1742989;1268;85006;1760;201174
FR878060.1;1773;1763;1762;85007;1760;201174
HE572590.1;78331;1763;1762;85007;1760;201174
HE608151.1;1773;1763;1762;85007;1760;201174
HE802067.1;1718;1716;1653;85007;1760;201174
HE971709.1;348043;1883;2062;85011;1760;201174
AP006841.1;817;816;815;171549;200643;976
CP000383.1;985;978;89373;768507;768503;976
CP001673.1;531844;;49546;200644;117743;976
CP001681.1;984;84567;84566;200666;117747;976
CP001699.1;79329;79328;563835;1853229;1853228;976
CP001807.1;29549;29548;563843;1100069;;976
CP002006.1;839;838;171552;171549;200643;976
CP002122.1;28132;838;171552;171549;200643;976
CP002123.1;28132;838;171552;171549;200643;976
CP002305.1;316068;319458;89373;768507;768503;976
CP002352.1;290053;816;815;171549;200643;976
CP002453.1;59600;104264;49546;200644;117743;976
CP002455.1;1014;1013;49546;200644;117743;976
CP002528.1;983548;326319;49546;200644;117743;976
CP002530.1;376805;816;815;171549;200643;976
CP002534.1;979;104264;49546;200644;117743;976
CP002542.1;191579;332102;1853230;200644;117743;976
CP002544.1;28118;283168;1853231;171549;200643;976
CP002545.1;151895;1649482;84566;200666;117747;976
CP002589.1;28129;838;171552;171549;200643;976
CP002691.1;2350;2349;1937961;1936988;1937959;976
CP002859.1;106;105;89373;768507;768503;976
CP002955.1;104;68288;563798;768507;768503;976
CP003280.1;101385;153265;49546;200644;117743;976
CP003283.1;28251;28250;49546;200644;117743;976
CP003346.1;390884;390846;563798;768507;768503;976
CP003349.1;995;929509;84566;200666;117747;976
CP003388.1;34085;34084;49546;200644;117743;976
CP003787.1;34085;34084;49546;200644;117743;976
CP003879.1;57029;83612;49546;200644;117743;976
CR626927.1;817;816;815;171549;200643;976
CU207366.1;411153;292691;49546;200644;117743;976
FP929032.1;328814;239759;171550;171549;200643;976
FQ312004.1;817;816;815;171549;200643;976
FQ859183.1;55197;237;49546;200644;117743;976
HE774682.1;312277;237;49546;200644;117743;976
AE006470.1;1097;256319;191412;191411;191410;1090
CP000096.1;1100;1099;191412;191411;191410;1090
CP000108.1;337090;1091;191412;191411;191410;1090
CP000492.1;1096;1091;191412;191411;191410;1090
CP000607.1;1094;1091;191412;191411;191410;1090
CP001097.1;1092;1091;191412;191411;191410;1090
CP001099.1;274539;256319;191412;191411;191410;1090
CP001100.1;100716;100715;191412;191411;191410;1090
CP001101.1;1096;1091;191412;191411;191410;1090
CP001108.1;1102;1101;191412;191411;191410;1090
CP001110.1;34090;1099;191412;191411;191410;1090
AJ965256.1;61435;61434;1202464;1202465;301297;200795
AP012029.1;167964;233189;292628;292629;292625;200795
AP012337.1;133453;233191;475964;475963;475962;200795
CP000027.1;61435;61434;1202464;1202465;301297;200795
CP000686.1;357808;120961;1508635;32064;32061;200795
CP000688.1;61435;61434;1202464;1202465;301297;200795
CP000804.1;120962;120961;1508635;32064;32061;200795
CP000875.1;65;64;189773;189772;32061;200795
CP000909.1;1108;1107;1106;32064;32061;200795
CP001275.1;500;499;189777;189776;189775;200795
CP001337.1;152260;1107;1106;32064;32061;200795
CP001364.1;1108;1107;1106;32064;32061;200795
CP001823.1;2057;2056;85002;85001;189775;200795
CP001824.1;2057;2056;85002;85001;189775;200795
CP001827.1;61435;61434;1202464;1202465;301297;200795
CP001924.1;61435;61434;1202464;1202465;301297;200795
CP002084.1;552810;670486;;;301297;200795
CP004079.1;61435;61434;1202464;1202465;301297;200795
CP004080.1;61435;61434;1202464;1202465;301297;200795
AE006641.1;2287;2100760;118883;2281;183924;28889
AE009441.1;13773;2276;2267;2266;183924;28889
BA000002.3;56636;56635;2272;114380;183924;28889
BA000023.2;111955;69655;118883;2281;183924;28889
CP000077.1;2285;2284;118883;2281;183924;28889
CP000493.1;54248;54247;2307;114380;183924;28889
CP000504.1;2277;2276;2267;2266;183924;28889
CP000505.1;2269;2268;114378;2266;183924;28889
CP000561.1;181486;2276;2267;2266;183924;28889
CP000575.1;2280;2279;2272;114380;183924;28889
CP000660.1;121277;2276;2267;2266;183924;28889
CP000682.1;43687;41980;118883;2281;183924;28889
CP000816.1;160233;54258;2272;114380;183924;28889
CP000852.1;76887;76886;2267;2266;183924;28889
CP001014.1;70771;2276;2267;2266;183924;28889
CP001140.1;94694;2273;2272;114380;183924;28889
CP001399.1;43080;2284;118883;2281;183924;28889
CP001400.1;43080;2284;118883;2281;183924;28889
CP001401.1;43080;2284;118883;2281;183924;28889
CP001402.1;43080;2284;118883;2281;183924;28889
CP001403.1;43080;2284;118883;2281;183924;28889
CP001404.1;43080;2284;118883;2281;183924;28889
CP001731.1;43080;2284;118883;2281;183924;28889
CP001742.1;242703;105850;871007;871006;183924;28889
CP001800.1;2287;2100760;118883;2281;183924;28889
CP001939.1;54254;54253;2272;114380;183924;28889
CP002051.1;84599;2279;2272;114380;183924;28889
CP002098.1;334771;334767;2272;114380;183924;28889
CP002100.1;164451;164450;2267;2266;183924;28889
CP002363.1;2275;2273;2272;114380;183924;28889
CP002425.1;43080;2284;118883;2281;183924;28889
CP002426.1;43080;2284;118883;2281;183924;28889
CP002529.1;985052;164450;2267;2266;183924;28889
CP002535.1;563177;12914;118883;2281;183924;28889
CP002590.1;184117;2270;2267;2266;183924;28889
CP002656.1;1006005;41980;118883;2281;183924;28889
CP002817.1;2285;2284;118883;2281;183924;28889
CP002818.1;2285;2284;118883;2281;183924;28889
CP002838.1;54252;54251;2307;114380;183924;28889
CP003098.1;1104324;2276;2267;2266;183924;28889
CP003316.1;99007;2276;2267;2266;183924;28889
CP003321.1;94694;2273;2272;114380;183924;28889
CP003378.1;200415;200414;255472;871006;183924;28889
CP003423.1;683846;685950;685949;685948;183924;28889
CP003531.1;1200300;477695;2272;114380;183924;28889
CP003928.1;43080;2284;118883;2281;183924;28889
FN869859.1;2271;2270;2267;2266;183924;28889
AE017126.1;1219;1218;1213;1890424;;1117
AP008231.1;32046;1129;1890426;1890424;;1117
AP009552.1;1126;1125;1890449;1118;;1117
AP011615.1;118562;35823;1892252;1150;;1117
AP012205.1;1148;1142;1890428;1890424;;1117
AP012276.1;1148;1142;1890428;1890424;;1117
AP012277.1;1148;1142;1890428;1890424;;1117
AP012278.1;1148;1142;1890428;1890424;;1117
AP012495.1;1423;1386;186817;1385;91061;1239
BA000019.2;103690;1177;1162;1161;;1117
BA000022.2;1148;1142;1890428;1890424;;1117
BA000039.2;146786;146785;1890426;1890424;;1117
BA000045.2;33072;33071;1890422;307595;307596;1117
BX548020.1;84588;1129;1890426;1890424;;1117
BX548174.1;1219;1218;1213;1890424;;1117
BX548175.1;1219;1218;1213;1890424;;1117
CP000095.2;1219;1218;1213;1890424;;1117
CP000097.1;316279;1129;1890426;1890424;;1117
CP000100.1;32046;1129;1890426;1890424;;1117
CP000110.1;110662;1129;1890426;1890424;;1117
CP000111.1;1219;1218;1213;1890424;;1117
CP000117.1;264691;264688;1162;1161;;1117
CP000239.1;321327;1129;1890426;1890424;;1117
CP000240.1;321332;1129;1890426;1890424;;1117
CP000393.1;1206;1205;1892252;1150;;1117
CP000435.1;64471;1129;1890426;1890424;;1117
CP000551.1;1219;1218;1213;1890424;;1117
CP000552.1;1219;1218;1213;1890424;;1117
CP000553.1;1219;1218;1213;1890424;;1117
CP000554.1;1219;1218;1213;1890424;;1117
CP000576.1;1219;1218;1213;1890424;;1117
CP000806.1;43989;263510;1890450;1118;;1117
CP000825.1;1219;1218;1213;1890424;;1117
CP000828.1;155978;155977;1890429;1890424;;1117
CP000878.1;1219;1218;1213;1890424;;1117
CP000951.1;32049;1129;1890426;1890424;;1117
CP001037.1;272131;1177;1162;1161;;1117
CP001287.1;41431;2546365;1890450;1118;;1117
CP001291.1;65393;28070;1890450;1118;;1117
CP001344.1;395961;43988;1892249;1150;;1117
CP001701.1;395962;2546365;1890450;1118;;1117
CP001842.1;713887;1453359;1890450;1118;;1117
CP002059.1;1164;264688;1162;1161;;1117
CP002198.1;497965;28070;1890450;1118;;1117
CP003265.1;1148;1142;1890428;1890424;;1117
CP003495.1;59930;167375;1890426;1890424;;1117
CP003548.1;317936;1177;1162;1161;;1117
CP003549.1;373994;373984;1185;1161;;1117
CP003552.1;28072;1177;1162;1161;;1117
CP003558.1;195253;1129;1890426;1890424;;1117
CP003590.1;54308;44474;1890500;52604;;1117
CP003591.1;1173025;63132;1892251;1150;;1117
CP003592.1;82654;1152;1890436;1890424;;1117
CP003594.1;1173263;1129;1890426;1890424;;1117
CP003597.1;54299;54298;1890528;1890505;;1117
CP003600.1;1173032;217161;1890431;1890424;;1117
CP003607.1;118323;1158;1892254;1150;;1117
CP003610.1;32054;1186;2661849;1161;;1117
CP003614.1;482564;1158;1892254;1150;;1117
CP003620.1;241425;241421;1892255;1150;;1117
CP003630.1;1173027;44471;1892252;1150;;1117
CP003642.1;142864;56106;1162;1161;;1117
CP003646.1;1173026;102231;1890464;1118;;1117
CP003653.1;102116;102115;1890498;52604;;1117
CP003659.1;1165;1163;1162;1161;;1117
CP003940.1;102235;102234;1890452;1118;;1117
CP003943.1;99598;1186;2661849;1161;;1117
CP003944.1;292566;13034;1890426;1890424;;1117
CP003945.1;65093;76023;1890450;1118;;1117
CP003946.1;111781;47251;1890438;1890424;;1117
CP003947.1;379064;102234;1890452;1118;;1117
CT971583.1;32051;1129;1890426;1890424;;1117
CT978603.1;316278;1129;1890426;1890424;;1117
AP009510.1;167965;;;;;74152
CP001055.1;423605;423604;641876;641854;641853;74152
AE000666.1;145262;145260;2159;2158;183925;28890
AE004437.1;2242;2239;2236;2235;183963;28890
AE009950.1;2261;2260;2259;2258;183968;28890
AE010299.1;2214;2207;2206;94695;224756;28890
AE017261.1;82076;46631;46630;2301;183967;28890
AM114193.2;1175445;570266;570265;570264;224756;28890
AM180088.1;293091;293431;1644056;1644055;183963;28890
AP006878.1;311400;2263;2259;2258;183968;28890
AP011532.1;570267;570266;570265;570264;224756;28890
AY596297.1;2238;2237;1963268;2235;183963;28890
BA000001.2;53953;2260;2259;2258;183968;28890
CP000099.1;2208;2207;2206;94695;224756;28890
CP000254.1;2203;2202;196137;2191;224756;28890
CP000559.1;83984;2192;88404;2191;224756;28890
CP000743.1;42879;2184;2183;2182;183939;28890
CP000780.1;358766;395331;1198451;2191;224756;28890
CP000855.1;342948;2263;2259;2258;183968;28890
CP001365.1;2247;56688;1963271;1644055;183963;28890
CP001398.1;187878;2263;2259;2258;183968;28890
CP001696.1;83171;196118;196117;2182;183939;28890
CP001710.1;145263;145260;2159;2158;183925;28890
CP001860.1;62320;121871;1644061;1644060;183963;28890
CP001899.1;54261;54260;2232;2231;183980;28890
CP001932.1;13769;63742;1644061;1644060;183963;28890
CP001941.1;379547;379546;;;;28890
CP002101.1;39669;196136;2206;94695;224756;28890
CP002278.1;2180;2179;2178;2158;183925;28890
CP002551.1;877455;2160;2159;2158;183925;28890
CP002772.1;868131;2160;2159;2158;183925;28890
CP002839.1;387343;387342;1644061;1644060;183963;28890
CP002913.1;39152;2184;2183;2182;183939;28890
CP002916.1;1054217;;;2301;183967;28890
CP002920.1;1042877;2263;2259;2258;183968;28890
CP002952.1;246969;2263;2259;2258;183968;28890
CP003117.1;301375;2222;143067;94695;224756;28890
CP003243.1;1175444;570266;570265;570264;224756;28890
CP003372.1;69525;88723;1644061;1644060;183963;28890
CP003377.1;44930;2256;1644061;1644060;183963;28890
CP003412.1;406552;88723;1644061;1644060;183963;28890
CP003534.1;1183377;2260;2259;2258;183968;28890
CP003685.1;2261;2260;2259;2258;183968;28890
CP005290.1;1316941;2233;2232;2231;183980;28890
CR936257.1;2257;63743;1963268;2235;183963;28890
FR746099.1;293091;293431;1644056;1644055;183963;28890
L77117.1;2190;196118;196117;2182;183939;28890
AE004092.1;1314;1301;1300;186826;91061;1239
AE005176.1;1358;1357;1300;186826;91061;1239
AE016879.1;1392;1386;186817;1385;91061;1239
AE017225.1;1392;1386;186817;1385;91061;1239
AE017262.2;1639;1637;186820;1385;91061;1239
AM406671.1;1358;1357;1300;186826;91061;1239
AP006840.1;2734;2733;543349;186802;186801;1239
AP008955.1;1393;55080;186822;1385;91061;1239
AP008971.1;1260;150022;1570339;1737405;1737404;1239
AP009333.1;1363;1357;1300;186826;91061;1239
AP009484.1;69966;69965;90964;1385;91061;1239
AP012027.1;1648;1647;128827;526525;526524;1239
AP012281.1;1358;1357;1300;186826;91061;1239
BA000004.3;86665;1386;186817;1385;91061;1239
CM000748.1;1428;1386;186817;1385;91061;1239
CP000002.3;1402;1386;186817;1385;91061;1239
CP000154.1;1406;44249;186822;1385;91061;1239
CP000422.1;1255;1253;33958;186826;91061;1239
CP000557.1;33940;129337;186817;1385;91061;1239
CP000612.1;59610;1562;186807;186802;186801;1239
CP000679.1;44001;44000;543371;68295;186801;1239
CP000721.1;1520;1485;31979;186802;186801;1239
CP000813.1;1408;1386;186817;1385;91061;1239
CP000860.1;471827;471826;186807;186802;186801;1239
CP000885.1;66219;1506553;186803;186802;186801;1239
CP000922.1;33934;150247;186817;1385;91061;1239
CP001022.1;332410;33986;;1385;91061;1239
CP001034.1;375929;375928;485255;485256;186801;1239
CP001098.1;31909;32636;972;53433;186801;1239
CP001107.1;39491;;186803;186802;186801;1239
CP001145.1;35786;68335;2138247;2138246;2138243;2138240
CP001336.1;49338;36853;186807;186802;186801;1239
CP001393.1;31899;44000;543371;68295;186801;1239
CP001638.1;471223;129337;186817;1385;91061;1239
CP001791.1;85683;;186821;1385;91061;1239
CP001794.1;544556;129337;186817;1385;91061;1239
CP001810.1;43305;830;186803;186802;186801;1239
CP001834.1;1358;1357;1300;186826;91061;1239
CP001845.1;1313;1301;1300;186826;91061;1239
CP001982.1;1404;1386;186817;1385;91061;1239
CP002017.1;33943;1129704;186823;1385;91061;1239
CP002028.1;863643;278993;186807;186802;186801;1239
CP002048.1;86170;129001;68298;186802;186801;1239
CP002091.1;1392;1386;186817;1385;91061;1239
CP002207.1;1452;1386;186817;1385;91061;1239
CP002210.1;573062;1754;186814;68295;186801;1239
CP002213.1;1406;44249;186822;1385;91061;1239
CP002216.1;55205;44000;543371;68295;186801;1239
CP002219.1;413888;44000;543371;68295;186801;1239
CP002293.1;581103;129337;186817;1385;91061;1239
CP002326.1;52765;44000;543371;68295;186801;1239
CP002344.1;73919;73918;539000;186802;186801;1239
CP002365.1;1358;1357;1300;186826;91061;1239
CP002400.1;253239;253238;541000;186802;186801;1239
CP002403.1;1264;1263;541000;186802;186801;1239
CP002442.1;550542;129337;186817;1385;91061;1239
CP002512.1;1376;1375;186827;186826;91061;1239
CP002547.1;51197;51196;186807;186802;186801;1239
CP002627.1;1390;1386;186817;1385;91061;1239
CP002634.1;1390;1386;186817;1385;91061;1239
CP002637.1;69823;970;1843491;909929;909932;1239
CP002736.1;1565;1562;186807;186802;186801;1239
CP002739.1;29329;28895;543371;68295;186801;1239
CP002770.1;58135;2282741;186807;186802;186801;1239
CP002835.1;1426;1906945;186817;1385;91061;1239
CP002898.1;979982;1243;81850;186826;91061;1239
CP002987.1;33952;33951;186806;186802;186801;1239
CP002991.1;46354;1754;186814;68295;186801;1239
CP003001.1;52766;44000;543371;68295;186801;1239
CP003017.1;1404;1386;186817;1385;91061;1239
CP003040.1;301301;841;186803;186802;186801;1239
CP003056.1;1398;1386;186817;1385;91061;1239
CP003101.1;1245;1243;81850;186826;91061;1239
CP003107.1;159743;44249;186822;1385;91061;1239
CP003108.1;1563;79206;186807;186802;186801;1239
CP003184.1;28896;28895;543371;68295;186801;1239
CP003235.1;61624;44249;186822;1385;91061;1239
CP003273.1;102134;2282740;186807;186802;186801;1239
CP003329.1;1423;1386;186817;1385;91061;1239
CP003422.1;61624;44249;186822;1385;91061;1239
CP003492.1;1127744;1386;186817;1385;91061;1239
CP003629.1;79209;79206;186807;186802;186801;1239
CP003668.1;1292;1279;90964;1385;91061;1239
CP003732.1;85874;140458;186814;68295;186801;1239
CP003838.1;492670;1386;186817;1385;91061;1239
CP003839.1;1244;1243;81850;186826;91061;1239
CP003851.1;1252;1243;81850;186826;91061;1239
CP004405.1;1423;1386;186817;1385;91061;1239
CP005586.1;666686;1386;186817;1385;91061;1239
FN597644.1;1390;1386;186817;1385;91061;1239
FN665652.1;1496;1870884;186804;186802;186801;1239
FP929039.1;751585;33042;186803;186802;186801;1239
FP929042.1;39491;;186803;186802;186801;1239
FP929043.1;39491;;186803;186802;186801;1239
FP929050.1;166486;841;186803;186802;186801;1239
FP929055.1;33039;572511;186803;186802;186801;1239
FP929059.1;39492;;541000;186802;186801;1239
FP929060.1;245012;;;186802;186801;1239
FP929061.1;649756;207244;186803;186802;186801;1239
HE577054.1;1406;44249;186822;1385;91061;1239
HE617159.1;492670;1386;186817;1385;91061;1239
HE970764.1;1582;1578;33958;186826;91061;1239
AP009153.1;173480;173479;219687;219686;219685;142182
AP012342.1;180;179;189779;189778;203693;40117
CP001147.1;28262;28261;189779;189778;203693;40117
CP002919.1;178606;179;189779;189778;203693;40117
FP929003.1;330214;1234;189779;189778;203693;40117
AE014291.4;29461;234;118882;356;28211;1224
AE016795.3;672;662;641;135623;1236;1224
AE017042.1;632;629;1903411;91347;1236;1224
AE017197.1;785;780;775;766;28211;1224
AE017220.1;28901;590;543;91347;1236;1224
AM421808.1;487;482;481;206351;28216;1224
AP009048.1;562;561;543;91347;1236;1224
AP011533.1;35790;780;775;766;28211;1224
AP011943.1;210;209;72293;213849;29547;1224
AP012306.1;562;561;543;91347;1236;1224
AP012601.1;210;209;72293;213849;29547;1224
BK006741.1;263;262;34064;72273;1236;1224
BX571966.1;28450;32008;119060;80840;28216;1224
CM000833.1;28450;32008;119060;80840;28216;1224
CM000855.1;197;194;72294;213849;29547;1224
CP000010.1;13373;32008;119060;80840;28216;1224
CP000125.1;28450;32008;119060;80840;28216;1224
CP000308.1;632;629;1903411;91347;1236;1224
CP000378.1;95486;32008;119060;80840;28216;1224
CP000379.1;95486;32008;119060;80840;28216;1224
CP000380.1;95486;32008;119060;80840;28216;1224
CP000409.1;788;780;775;766;28211;1224
CP000437.1;263;262;34064;72273;1236;1224
CP000458.1;95486;32008;119060;80840;28216;1224
CP000459.1;95486;32008;119060;80840;28216;1224
CP000526.1;13373;32008;119060;80840;28216;1224
CP000671.1;727;724;712;135625;1236;1224
CP000672.1;727;724;712;135625;1236;1224
CP000675.2;446;445;444;118969;1236;1224
CP000803.1;263;262;34064;72273;1236;1224
CP000814.1;197;194;72294;213849;29547;1224
CP000857.1;28901;590;543;91347;1236;1224
CP000863.1;470;469;468;72274;1236;1224
CP000873.1;36855;234;118882;356;28211;1224
CP000886.1;28901;590;543;91347;1236;1224
CP000887.1;235;234;118882;356;28211;1224
CP000911.1;29461;234;118882;356;28211;1224
CP000912.1;29461;234;118882;356;28211;1224
CP000937.1;28110;262;34064;72273;1236;1224
CP000959.1;95486;32008;119060;80840;28216;1224
CP001072.2;210;209;72293;213849;29547;1224
CP001144.1;28901;590;543;91347;1236;1224
CP001164.1;562;561;543;91347;1236;1224
CP001172.1;470;469;468;72274;1236;1224
CP001235.1;666;662;641;135623;1236;1224
CP001561.1;487;482;481;206351;28216;1224
CP001589.1;632;629;1903411;91347;1236;1224
CP001593.1;632;629;1903411;91347;1236;1224
CP001612.1;35788;780;775;766;28211;1224
CP001846.1;562;561;543;91347;1236;1224
CP001921.1;470;469;468;72274;1236;1224
CP002099.1;28901;590;543;91347;1236;1224
CP002184.1;210;209;72293;213849;29547;1224
CP002331.1;210;209;72293;213849;29547;1224
CP002419.1;487;482;481;206351;28216;1224
CP002496.1;287;286;135621;72274;1236;1224
CP002516.1;562;561;543;91347;1236;1224
CP002555.1;666;662;641;135623;1236;1224
CP002558.1;622488;262;34064;72273;1236;1224
CP002571.1;210;209;72293;213849;29547;1224
CP002614.1;28901;590;543;91347;1236;1224
CP002729.1;562;561;543;91347;1236;1224
CP002872.1;573569;262;34064;72273;1236;1224
CP002912.1;226665;780;775;766;28211;1224
CP002953.1;210;209;72293;213849;29547;1224
CP002956.1;632;629;1903411;91347;1236;1224
CP002970.1;562;561;543;91347;1236;1224
CP002983.1;210;209;72293;213849;29547;1224
CP003034.1;562;561;543;91347;1236;1224
CP003048.1;263;262;34064;72273;1236;1224
CP003069.1;666;662;641;135623;1236;1224
CP003149.1;287;286;135621;72274;1236;1224
CP003176.1;235;234;118882;356;28211;1224
CP003177.1;235;234;118882;356;28211;1224
CP003289.1;562;561;543;91347;1236;1224
CP003301.1;562;561;543;91347;1236;1224
CP003304.1;788;780;775;766;28211;1224
CP003305.1;783;780;775;766;28211;1224
CP003306.1;783;780;775;766;28211;1224
CP003308.1;1105106;780;775;766;28211;1224
CP003338.1;787;780;775;766;28211;1224
CP003386.1;28901;590;543;91347;1236;1224
CP003392.1;782;780;775;766;28211;1224
CP003393.1;782;780;775;766;28211;1224
CP003419.1;210;209;72293;213849;29547;1224
CP003856.1;470;469;468;72274;1236;1224
CP003862.1;263;262;34064;72273;1236;1224
CP003885.1;446;445;444;118969;1236;1224
CP004009.1;562;561;543;91347;1236;1224
CP004889.1;782;780;775;766;28211;1224
CR767821.1;779;943;942;766;28211;1224
CR925678.1;779;943;942;766;28211;1224
CU459141.1;470;469;468;72274;1236;1224
FM200053.1;28901;590;543;91347;1236;1224
FM954972.2;212663;662;641;135623;1236;1224
FM999788.1;487;482;481;206351;28216;1224
FN649414.1;562;561;543;91347;1236;1224
FQ670178.1;727;724;712;135625;1236;1224
AP012338.1;547188;666508;666507;666506;666505;203682
BX119912.1;265606;265488;126;112;203683;203682
CP001744.1;120;1649480;126;112;203683;203682
CP001848.1;125;123;126;112;203683;203682
CP002353.1;128;127;1763524;112;203683;203682
CP002546.1;119;1649490;126;112;203683;203682
CP003364.1;466153;466152;1763524;112;203683;203682
AE003849.1;2371;2370;32033;135614;1236;1224
AE004439.1;747;745;712;135625;1236;1224
AE005673.1;155892;75;76892;204458;28211;1224
AE007870.2;1176649;357;82115;356;28211;1224
AE008692.2;542;541;41297;204457;28211;1224
AE009442.1;2371;2370;32033;135614;1236;1224
AE014299.1;70863;22;267890;135622;1236;1224
AE017143.1;730;724;712;135625;1236;1224
AE017180.1;35554;28231;213422;69541;28221;1224
AE017196.1;163164;953;942;766;28211;1224
AE017282.2;414;413;403;135618;1236;1224
AE017321.1;80849;953;942;766;28211;1224
AL591688.1;382;28105;82115;356;28211;1224
AL954747.1;915;914;206379;32003;28216;1224
AM180252.1;29546;41707;194924;213115;28221;1224
AM743169.1;40324;40323;32033;135614;1236;1224
AM902716.1;94624;517;506;80840;28216;1224
AM942759.1;584;583;1903414;91347;1236;1224
AM999887.1;263437;953;942;766;28211;1224
AP006725.1;573;570;543;91347;1236;1224
AP008232.1;63612;84565;1903410;91347;1236;1224
AP008981.1;784;69474;775;766;28211;1224
AP009384.1;7;6;335928;356;28211;1224
AP010946.1;193;191;41295;204441;28211;1224
AP011135.1;438;434;433;204441;28211;1224
AP011142.1;438;434;433;204441;28211;1224
AP011149.1;438;434;433;204441;28211;1224
AP011156.1;438;434;433;204441;28211;1224
AP011163.1;438;434;433;204441;28211;1224
AP012032.1;553;53335;1903409;91347;1236;1224
AP012047.1;28197;28196;72294;213849;29547;1224
AP012159.1;1177712;1434011;433;204441;28211;1224
AP012222.1;627192;165695;41297;204457;28211;1224
AP012224.1;748280;568394;1499392;206351;28216;1224
AP012320.1;28068;28067;;80840;28216;1224
AP012603.1;44255;374;41294;356;28211;1224
BX470248.1;520;517;506;80840;28216;1224
BX470250.1;518;517;506;80840;28216;1224
BX571963.1;1076;1073;41294;356;28211;1224
BX842601.2;959;958;213483;213481;1553900;1224
BX897699.1;38323;773;772;356;28211;1224
BX897700.1;803;773;772;356;28211;1224
BX936398.1;633;629;1903411;91347;1236;1224
BX950851.1;29471;122277;1903410;91347;1236;1224
CP000009.1;442;441;433;204441;28211;1224
CP000030.1;770;768;942;766;28211;1224
CP000031.1;89184;97050;31989;204455;28211;1224
CP000034.1;622;620;543;91347;1236;1224
CP000083.1;28229;28228;267889;135622;1236;1224
CP000084.1;198252;198251;1655514;54526;28211;1224
CP000086.1;57975;32008;119060;80840;28216;1224
CP000103.1;1231;35798;206379;32003;28216;1224
CP000115.1;913;911;41294;356;28211;1224
CP000127.1;1229;1227;1046;135613;1236;1224
CP000142.2;19;18;213421;69541;28221;1224
CP000143.1;1063;1060;31989;204455;28211;1224
CP000148.1;28232;28231;213422;69541;28221;1224
CP000153.1;39766;202746;72293;213849;29547;1224
CP000155.1;158327;158481;224379;135619;1236;1224
CP000158.1;81032;85;69657;204455;28211;1224
CP000235.1;948;768;942;766;28211;1224
CP000245.1;94132;174951;80864;80840;28216;1224
CP000250.1;1076;1073;41294;356;28211;1224
CP000266.1;623;620;543;91347;1236;1224
CP000267.1;192843;28065;80864;80840;28216;1224
CP000269.1;375286;29580;75682;80840;28216;1224
CP000282.1;86304;316625;1706371;1706369;1236;1224
CP000283.1;1076;1073;41294;356;28211;1224
CP000316.1;296591;52972;80864;80840;28216;1224
CP000323.1;330922;497;468;72274;1236;1224
CP000362.1;2434;2433;31989;204455;28211;1224
CP000377.1;292414;97050;31989;204455;28211;1224
CP000388.1;288;53246;267888;135622;1236;1224
CP000390.1;266779;449972;69277;356;28211;1224
CP000394.1;364410;364409;433;204441;28211;1224
CP000450.1;916;914;206379;32003;28216;1224
CP000471.1;1124597;162171;1191479;1191478;28211;1224
CP000478.1;119484;29526;213465;213462;28221;1224
CP000482.1;29543;18;213421;69541;28221;1224
CP000487.1;196;194;72294;213849;29547;1224
CP000490.1;266;265;31989;204455;28211;1224
CP000510.1;357794;67572;267894;135622;1236;1224
CP000512.1;80869;12916;80864;80840;28216;1224
CP000513.1;870;869;868;135615;1236;1224
CP000514.1;2743;2742;72275;135622;1236;1224
CP000524.1;774;773;772;356;28211;1224
CP000529.1;216465;52972;80864;80840;28216;1224
CP000539.1;232721;12916;80864;80840;28216;1224
CP000542.1;364317;364316;80864;80840;28216;1224
CP000544.1;1053;85108;72276;135613;1236;1224
CP000555.1;105560;316612;;80840;28216;1224
CP000578.1;1063;1060;31989;204455;28211;1224
CP000613.2;34018;1081;41295;204441;28211;1224
CP000629.1;358;357;82115;356;28211;1224
CP000633.1;373;357;82115;356;28211;1224
CP000644.1;645;642;84642;135624;1236;1224
CP000653.1;399742;547;543;91347;1236;1224
CP000655.1;576611;44013;119060;80840;28216;1224
CP000698.1;351604;28231;213422;69541;28221;1224
CP000699.1;160791;13687;41297;204457;28211;1224
CP000749.1;400668;28253;135620;135619;1236;1224
CP000758.1;529;528;118882;356;28211;1224
CP000759.1;529;528;118882;356;28211;1224
CP000774.1;256618;256616;119043;356;28211;1224
CP000776.1;76517;194;72294;213849;29547;1224
CP000783.1;28141;413496;543;91347;1236;1224
CP000792.1;199;194;72294;213849;29547;1224
CP000826.1;28151;613;1903411;91347;1236;1224
CP000859.1;181663;896;213119;213118;28221;1224
CP000890.1;777;776;118968;118969;1236;1224
CP000932.1;201;194;72294;213849;29547;1224
CP000934.1;155077;10;1706371;1706369;1236;1224
CP000941.1;2371;2370;32033;135614;1236;1224
CP000943.1;426117;407;119045;356;28211;1224
CP000946.1;562;561;543;91347;1236;1224
CP000950.1;633;629;1903411;91347;1236;1224
CP001001.1;31998;407;119045;356;28211;1224
CP001010.1;576610;44013;119060;80840;28216;1224
CP001013.1;34029;88;;80840;28216;1224
CP001016.1;533;532;45404;356;28211;1224
CP001025.1;152480;32008;119060;80840;28216;1224
CP001029.1;223967;2282523;119045;356;28211;1224
CP001048.1;633;629;1903411;91347;1236;1224
CP001079.1;770;768;942;766;28211;1224
CP001087.1;2296;2295;213119;213118;28221;1224
CP001096.1;1076;1073;41294;356;28211;1224
CP001132.1;920;119977;225058;225057;1807140;1224
CP001135.1;636;635;1903412;91347;1236;1224
CP001150.1;1063;1060;31989;204455;28211;1224
CP001151.1;1063;1060;31989;204455;28211;1224
CP001154.1;168471;168470;1499392;206351;28216;1224
CP001189.1;33996;89583;433;204441;28211;1224
CP001220.1;363952;283;80864;80840;28216;1224
CP001279.1;244787;191291;224467;235899;29547;1224
CP001298.1;408;2282523;119045;356;28211;1224
CP001321.1;738;2094023;712;135625;1236;1224
CP001322.1;259354;218207;213119;213118;28221;1224
CP001340.1;155892;75;76892;204458;28211;1224
CP001359.1;161493;161492;1524215;29;28221;1224
CP001383.1;623;620;543;91347;1236;1224
CP001511.1;408;2282523;119045;356;28211;1224
CP001560.1;563;1335483;543;91347;1236;1224
CP001600.2;67780;635;1903412;91347;1236;1224
CP001607.1;732;416916;712;135625;1236;1224
CP001629.1;899;898;213116;213115;28221;1224
CP001635.1;34073;34072;80864;80840;28216;1224
CP001636.1;34073;34072;80864;80840;28216;1224
CP001654.1;69223;204037;1903410;91347;1236;1224
CP001657.1;554;122277;1903410;91347;1236;1224
CP001672.1;359408;359407;32011;32003;28216;1224
CP001674.1;266009;81682;32011;32003;28216;1224
CP001677.5;34021;34019;82115;356;28211;1224
CP001715.1;327160;327159;;;28216;1224
CP001751.1;767892;767891;;;28211;1224
CP001796.1;234831;53246;267888;135622;1236;1224
CP001804.1;80816;162027;224464;29;28221;1224
CP001830.1;382;28105;82115;356;28211;1224
CP001836.1;204042;204037;1903410;91347;1236;1224
CP001875.2;553;53335;1903409;91347;1236;1224
CP001896.1;1049;85072;1046;135613;1236;1224
CP001905.1;396595;106633;72276;135613;1236;1224
CP001965.1;63745;314343;90627;32003;28216;1224
CP001999.1;28199;28196;72294;213849;29547;1224
CP002008.1;88688;75;76892;204458;28211;1224
CP002018.1;92945;92944;31989;204455;28211;1224
CP002026.1;921;152053;335928;356;28211;1224
CP002031.1;35554;28231;213422;69541;28221;1224
CP002038.1;204038;204037;1903410;91347;1236;1224
CP002039.1;964;963;75682;80840;28216;1224
CP002080.1;1148157;469;468;72274;1236;1224
CP002083.1;53399;81;45401;356;28211;1224
CP002085.1;453230;453229;453228;453227;28221;1224
CP002086.1;473531;1227;1046;135613;1236;1224
CP002156.1;208216;208215;255474;255473;28211;1224
CP002159.1;370405;96;90627;32003;28216;1224
CP002165.1;2371;2370;32033;135614;1236;1224
CP002177.1;48296;469;468;72274;1236;1224
CP002205.1;202747;202746;72293;213849;29547;1224
CP002206.1;470934;53335;1903409;91347;1236;1224
CP002209.1;44012;44011;267892;135622;1236;1224
CP002224.1;92945;92944;31989;204455;28211;1224
CP002246.1;630;629;1903411;91347;1236;1224
CP002252.1;887061;81682;32011;32003;28216;1224
CP002271.1;41;40;39;29;28221;1224
CP002272.1;1334193;1330546;543;91347;1236;1224
CP002295.1;138074;613;1903411;91347;1236;1224
CP002339.1;715451;226;72275;135622;1236;1224
CP002364.1;894;893;213121;213118;28221;1224
CP002371.1;556287;34019;82115;356;28211;1224
CP002382.1;349221;213485;;;28211;1224
CP002395.1;78587;76890;76892;204458;28211;1224
CP002396.1;78587;76890;76892;204458;28211;1224
CP002417.1;34073;34072;80864;80840;28216;1224
CP002418.1;1076;1073;41294;356;28211;1224
CP002433.1;592316;53335;1903409;91347;1236;1224
CP002446.1;314722;83618;32033;135614;1236;1224
CP002456.1;29575;29574;506;80840;28216;1224
CP002479.1;443143;28231;213422;69541;28221;1224
CP002505.1;741091;34037;1903411;91347;1236;1224
CP002521.1;80867;12916;80864;80840;28216;1224
CP002526.1;983545;89404;72275;135622;1236;1224
CP002552.1;153948;914;206379;32003;28216;1224
CP002568.1;991904;991903;;;28211;1224
CP002583.1;119864;28253;135620;135619;1236;1224
CP002607.1;654;642;84642;135624;1236;1224
CP002623.1;42443;2433;31989;204455;28211;1224
CP002663.1;1007105;305976;506;80840;28216;1224
CP002695.1;520;517;506;80840;28216;1224
CP002740.1;382;28105;82115;356;28211;1224
CP002745.1;158899;202907;75682;80840;28216;1224
CP002773.1;82996;613;1903411;91347;1236;1224
CP002775.1;768493;613;1903411;91347;1236;1224
CP002776.1;147268;933;135616;72273;1236;1224
CP002798.1;46429;165695;41297;204457;28211;1224
CP002824.1;548;570;543;91347;1236;1224
CP002830.1;35;32;31;29;28221;1224
CP002850.1;542;541;41297;204457;28211;1224
CP002865.1;542;541;41297;204457;28211;1224
CP002886.1;550;547;543;91347;1236;1224
CP002914.1;456327;338;32033;135614;1236;1224
CP002972.1;221822;302485;31989;204455;28211;1224
CP002985.1;160808;119977;225058;225057;1807140;1224
CP003046.1;1085;1081;41295;204441;28211;1224
CP003060.1;300231;89404;72275;135622;1236;1224
CP003075.1;531813;1082930;45401;356;28211;1224
CP003085.1;553;53335;1903409;91347;1236;1224
CP003099.1;714;416916;712;135625;1236;1224
CP003123.1;388640;773;772;356;28211;1224
CP003124.1;33047;773;772;356;28211;1224
CP003147.1;911045;258255;31989;204455;28211;1224
CP003171.1;511062;129577;84642;135624;1236;1224
CP003200.1;573;570;543;91347;1236;1224
CP003218.1;1134687;570;543;91347;1236;1224
CP003241.1;1116375;662;641;135623;1236;1224
CP003264.1;29575;29574;506;80840;28216;1224
CP003312.1;28141;413496;543;91347;1236;1224
CP003333.1;44674;57665;72294;213849;29547;1224
CP003358.1;536018;68287;69277;356;28211;1224
CP003380.1;754477;40222;135616;72273;1236;1224
CP003389.1;184914;83461;31;29;28221;1224
CP003415.1;1905730;122277;1903410;91347;1236;1224
CP003466.1;285091;59753;224372;135619;1236;1224
CP003470.1;666685;75309;1775411;135614;1236;1224
CP003479.1;138563;209;72293;213849;29547;1224
CP003481.1;138563;209;72293;213849;29547;1224
CP003537.1;453816;958;213483;213481;1553900;1224
CP003546.1;1199245;;543;91347;1236;1224
CP003555.1;310575;290425;506;80840;28216;1224
CP003677.1;316;286;135621;72274;1236;1224
CP003678.1;550;547;543;91347;1236;1224
CP003683.1;1134687;570;543;91347;1236;1224
CP003704.1;542;541;41297;204457;28211;1224
CP003734.1;303;286;135621;72274;1236;1224
CP003735.1;490759;2742;72275;135622;1236;1224
CP003737.1;550;547;543;91347;1236;1224
CP003740.1;1217908;53945;31989;204455;28211;1224
CP003742.1;53946;53945;31989;204455;28211;1224
CP003745.1;47735;476528;712;135625;1236;1224
CP003746.1;447471;447467;1706371;1706369;1236;1224
CP003776.1;554;122277;1903410;91347;1236;1224
CP003784.1;803;773;772;356;28211;1224
CP003801.1;744985;;1655514;54526;28211;1224
CP003809.1;859653;;1655514;54526;28211;1224
CP003837.1;326544;1621534;72275;135622;1236;1224
CP003872.1;358220;12916;80864;80840;28216;1224
CP003883.1;77038;953;942;766;28211;1224
CP003884.1;77038;953;942;766;28211;1224
CP003926.1;442;441;433;204441;28211;1224
CP003933.1;382;28105;82115;356;28211;1224
CP003938.1;693444;;543;91347;1236;1224
CP003959.1;615;613;1903411;91347;1236;1224
CP004029.1;29546;41707;194924;213115;28221;1224
CP004091.1;28141;413496;543;91347;1236;1224
CP004141.1;1263550;635;1903412;91347;1236;1224
CP004142.1;54291;160674;543;91347;1236;1224
CP004345.1;582;581;1903414;91347;1236;1224
CP004348.1;543913;;;;28216;1224
CP004752.1;75985;75984;712;135625;1236;1224
CP004753.1;75985;75984;712;135625;1236;1224
CP005383.1;75985;75984;712;135625;1236;1224
CP005587.1;53399;81;45401;356;28211;1224
CR354532.1;74109;657;641;135623;1236;1224
CR543861.1;62977;469;468;72274;1236;1224
CR555306.1;551760;551759;75787;206389;28216;1224
CR954246.1;228;53246;267888;135622;1236;1224
CT573326.1;312306;286;135621;72274;1236;1224
CU207211.1;204773;303379;75682;80840;28216;1224
CU468135.1;338565;551;1903409;91347;1236;1224
CU633749.1;164546;106589;119060;80840;28216;1224
CU633750.1;164546;106589;119060;80840;28216;1224
CU928158.2;564;561;543;91347;1236;1224
FN392235.1;79967;551;1903409;91347;1236;1224
FN434113.1;552;551;1903409;91347;1236;1224
FN645454.1;56426;773;772;356;28211;1224
FN666575.1;552;551;1903409;91347;1236;1224
FN869568.1;2746;2745;28256;135619;1236;1224
FO082060.1;271065;39773;403;135618;1236;1224
FO203522.1;191026;872;194924;213115;28221;1224
FP236842.1;79967;551;1903409;91347;1236;1224
FP475956.1;426114;32012;;80840;28216;1224
FP885895.1;305;48736;119060;80840;28216;1224
FP929140.1;83406;;;;1236;1224
FQ311868.1;193;191;41295;204441;28211;1224
FQ312002.1;729;724;712;135625;1236;1224
FQ312005.1;97084;1652133;1652132;2024979;1553900;1224
FQ859181.1;717785;81;45401;356;28211;1224
FR687359.1;412963;2571159;119060;80840;28216;1224
FR729477.2;630;629;1903411;91347;1236;1224
FR856861.1;702113;165696;41297;204457;28211;1224
FR856862.1;702113;165696;41297;204457;28211;1224
FR871757.1;56877;209;72293;213849;29547;1224
HE577327.1;192;191;41295;204441;28211;1224
HE616528.1;624;620;543;91347;1236;1224
HE798556.1;40324;40323;32033;135614;1236;1224
HE956757.1;187303;133;31993;356;28211;1224
HE965805.1;520;517;506;80840;28216;1224
HE965806.1;518;517;506;80840;28216;1224
HE995405.1;382;28105;82115;356;28211;1224
AM236080.1;384;379;82115;356;28211;1224
AP012206.1;375;374;41294;356;28211;1224
AP012279.1;335659;374;41294;356;28211;1224
BA000040.2;1355477;374;41294;356;28211;1224
CP000133.1;29449;379;82115;356;28211;1224
CP000494.1;288000;374;41294;356;28211;1224
CP001074.1;29449;379;82115;356;28211;1224
CP001191.1;384;379;82115;356;28211;1224
CP001622.1;384;379;82115;356;28211;1224
CP004015.1;398;379;82115;356;28211;1224
CU234118.1;114615;374;41294;356;28211;1224
FO082820.1;1125847;379;82115;356;28211;1224
CP000975.1;511746;511745;717964;717963;1955630;74201
CP001032.1;107709;178440;134623;415000;414999;74201
CP001071.1;239935;239934;1647988;48461;203494;74201
CP001998.1;395922;442430;415002;415001;414999;74201
AE016823.1;173;171;170;1643688;203692;203691
